<?xml version="1.0" encoding="UTF-8"?>
<configuration debug="true">
	<appender name="consoleAppender" class="ch.qos.logback.core.ConsoleAppender">
		<encoder>
			<charset>UTF-8</charset>
			<Pattern>
				%d{HH:mm:ss.SSS} [%thread] %-5level %logger{5} - %msg %n
			</Pattern>
		</encoder>
	</appender>
	
	<appender name="fileAppender" class="ch.qos.logback.core.rolling.RollingFileAppender">
		<encoder>
			<charset>UTF-8</charset>
			<Pattern>
				%d{HH:mm:ss.SSS} [%thread] %-5level %logger{5} - %msg %n
			</Pattern>
		</encoder>
		<file>\myportal-log\myportal.log</file>
		<!-- 로그 롤링 정책 -->
		<rollingPolicy class="ch.qos.logback.core.rolling.FixedWindowRollingPolicy">
			<FileNamePattern>\myportal-log\myportal.%i.log.zip</FileNamePattern>
			<MinIndex>1</MinIndex>
			<MaxIndex>10</MaxIndex>
		</rollingPolicy>
		<!-- 로그 롤링을 수행하는 시점 -->
		<triggeringPolicy class="ch.qos.logback.core.rolling.SizeBasedTriggeringPolicy">
			<MaxFileSize>1MB</MaxFileSize>
		</triggeringPolicy>
	</appender>
	
	<root level="debug">
		<appender-ref ref="consoleAppender"/>
		<appender-ref ref="fileAppender"/>
	</root>
</configuration>