<?xml version="1.0" encoding="UTF-8"?>
<!DOCTYPE mapper PUBLIC ".//mybatis.org//DTD Mapper 1.0//EN" "http://mybatis.org/dtd/mybatis-3-mapper.dtd">

<mapper namespace="user">
	<!-- 회원 가입 -->
	<insert id="insert" parameterType="uservo" useGeneratedKeys="true">

		<![CDATA[
			INSERT INTO member VALUES(#{no}, #{id}, #{name}, #{password}, now())
		]]>
		
		<selectKey keyProperty="no" resultType="long" order="AFTER"> <!-- 이중쿼리 -->
			SELECT LAST_INSERT_ID();
		</selectKey>
	</insert>
	
	<!-- 개인 블로그 생성 -->
	<insert id="blogInsert" parameterType="blogvo">
		<![CDATA[
			INSERT INTO blog(no, USERS_NO, TITLE) VALUES(#{no}, #{USERS_NO}, #{title})
		]]>
	</insert>
	
	<!-- 로그인 -->
	<select id="userByIdAndPassword" parameterType="map" resultType="uservo">
		<![CDATA[
			SELECT *
			FROM member
			WHERE id=#{id} AND password=#{password}
		]]>
	</select>
	
	<!-- 아이디 중복 검사 및 유저정보-->
	<select id="selectUserById" parameterType="string" resultType="uservo">
		<![CDATA[
			SELECT *
			FROM member
			WHERE id=#{id}
		]]>
	</select>
	
	<!-- 유저 정보 가져오기 -->
	<select id="selectUser" parameterType="int" resultType="uservo">
		<![CDATA[
			SELECT *
			FROM member
			WHERE no=#{no}
		]]>
	</select>
	
	<!-- 유저 정보 업데이트 -->
	<update id="update" parameterType="uservo">
		<![CDATA[
			UPDATE member
			SET	name=#{name}, password=#{password}
			WHERE no=#{no}
		]]>
	</update>
</mapper>