<?xml version="1.0" encoding="UTF-8"?>
<beans xmlns="http://www.springframework.org/schema/beans"
	xmlns:xsi="http://www.w3.org/2001/XMLSchema-instance"
	xmlns:context="http://www.springframework.org/schema/context"
	xmlns:mvc="http://www.springframework.org/schema/mvc"
	xsi:schemaLocation="http://www.springframework.org/schema/beans http://www.springframework.org/schema/beans/spring-beans.xsd
		http://www.springframework.org/schema/context http://www.springframework.org/schema/context/spring-context-4.2.xsd
		http://www.springframework.org/schema/mvc http://www.springframework.org/schema/mvc/spring-mvc-4.2.xsd">

	<context:annotation-config/>
	<context:component-scan base-package="com.example.myportal"/>
	
	<!-- 정적 파일을 Default Handler에 위임 -->
	<mvc:annotation-driven></mvc:annotation-driven>
	<mvc:default-servlet-handler/>
	
	<!-- View Resolver -->
	<bean id="viewResolver"
		class="org.springframework.web.servlet.view.InternalResourceViewResolver">
		<property name="viewClass" value="org.springframework.web.servlet.view.JstlView"/> <!-- property == setter 역할  value값을 세팅해놓는다 -->
		<property name="prefix" value="/WEB-INF/views/"/>
		<property name="suffix" value=".jsp"/>
		<property name="order" value="1"/>
	</bean>
	
	<!-- Interceptors -->
	<mvc:interceptors> <!-- board/list -> 아무나 읽을 수 있게 , 외의 것들은 로그인을 해야만 읽을 수 있게 -->
		<!-- <mvc:interceptor>
			<mvc:mapping path="/"/>
			<bean class="com.example.myportal.interceptors.MyInterceptor"/>
		</mvc:interceptor> -->
		<!-- AuthInterceptor -->
		<!-- <mvc:interceptor>	
			<mvc:mapping path="/board/**"/>
			<mvc:exclude-mapping path="/board/list/**"/>
			<bean class="com.example.myportal.security.AuthInterceptor"/>
		</mvc:interceptor> -->
		<!-- AuthInterceptor2 -->
		<mvc:interceptor>
			<mvc:mapping path="/**"/>	<!-- 모든 경로를 다 찾는다 -> ** -->
 			<bean class="com.example.myportal.security.AuthInterceptor2"/>
		</mvc:interceptor>
	</mvc:interceptors>

	<!-- MessageSource -->
	<bean id="messageSource" class="org.springframework.context.support.ResourceBundleMessageSource">
		<property name="basename" value="messages/messages" />
	</bean>
	
	<!-- Multipart Resolver Setting -->
	<bean id="multipartResolver" class="org.springframework.web.multipart.commons.CommonsMultipartResolver">
		<!-- Default Encoding -->
		<property name="defaultEncoding" value="utf-8"/>
		<!-- Max Upload Size -->
		<property name="maxUploadSize" value="5242880"/>
	</bean>
	
	<!-- Resource Mapping -->
	<mvc:resources location="file:/upload/" mapping="/upload-images/**"/>
</beans>
