<?xml version="1.0" encoding="UTF-8"?>
<!DOCTYPE configuration
	PUBLIC ".//mybatis.org//DTD Config 3.0//EN"
	"http://mybatis.org/dtd/mybatis-3-config.dtd">
	
<configuration>
	<!-- 타입 별칭 --> <!-- 타입 별칭은 자바 타입에 대한 짧은 이름이다.마이바티스가 빈을 찾도록 패키지를 명시할 수 있다. -->
	<typeAliases>
		<typeAlias alias="uservo" type="com.example.blogReadMale.vo.UserVo"/>
		<typeAlias alias="commentvo" type="com.example.blogReadMale.vo.CommentVo"/>
		<typeAlias alias="blogvo" type="com.example.blogReadMale.vo.BlogVo"/>
		<typeAlias alias="categoryvo" type="com.example.blogReadMale.vo.CategoryVo"/>
		<typeAlias alias="postvo" type="com.example.blogReadMale.vo.PostVo"/>
		<typeAlias alias="pagingvo" type="com.example.blogReadMale.vo.PagingVo"/>
	</typeAliases>


	<!-- SQL Mapping 파일 목록 -->
	<mappers>
		<mapper resource="mybatis/mappers/user.xml"></mapper>
		<mapper resource="mybatis/mappers/comment.xml"></mapper>
		<mapper resource="mybatis/mappers/blog.xml"></mapper>
		<mapper resource="mybatis/mappers/category.xml"></mapper>
		<mapper resource="mybatis/mappers/post.xml"></mapper>
	</mappers> 
</configuration>