<?xml version="1.0" encoding="UTF-8"?>
<!DOCTYPE mapper PUBLIC ".//mybatis.org//DTD Mapper 1.0//EN" "http://mybatis.org/dtd/mybatis-3-mapper.dtd">

<mapper namespace="board">
	<!-- 테이블 조인 -->
	<select id="selectAll" resultType="boardvo">
		<![CDATA[
			SELECT b.no, b.title, b.content,b.reg_date regDate,b.user_no userNO, m.name userName
			FROM board b, member m
			WHERE b.user_no = m.no
			ORDER BY no desc
		]]>
	</select>
	
	<!-- 게시글 삽입 -->
	<insert id="insert" parameterType="boardvo">
		<![CDATA[
			INSERT INTO board (title, content, user_no) VALUES(#{title}, #{content}, #{userNo})
		]]>
	</insert>
	
	
	<!-- 페이징 -->
	
	<!-- 페이징 및 전체 레코드 갯수 조회 쿼리 -->
	<select id="writeGetCount" resultType="int">
		select count(*) from board;
	</select>
	
	<!-- 게시글 목록을 조회하기 위한 쿼리(일반, 공지사항) -->
	<!-- offset위치부터 noOfRecords 수 만큼 select -->
	<select id="writeList" resultType="boardvo" parameterType="hashmap">
		<![CDATA[
		select *
		FROM board
		ORDER BY no DESC 
		LIMIT #{offset}, #{noOfRecords}
		]]>
	</select>
	
	<!-- <select id="writeInfoList" resultMap="boardvo">
		select * from board where info = 1 ORDER BY idx DESC
	</select> -->
</mapper>