<?xml version="1.0" encoding="UTF-8"?>
<beans xmlns="http://www.springframework.org/schema/beans"
	xmlns:xsi="http://www.w3.org/2001/XMLSchema-instance"
	xmlns:context="http://www.springframework.org/schema/context"
	xmlns:mvc="http://www.springframework.org/schema/mvc"
	xsi:schemaLocation="http://www.springframework.org/schema/mvc http://www.springframework.org/schema/mvc/spring-mvc-4.2.xsd
		http://www.springframework.org/schema/beans http://www.springframework.org/schema/beans/spring-beans.xsd
		http://www.springframework.org/schema/context http://www.springframework.org/schema/context/spring-context-4.2.xsd">


	<context:annotation-config/>
	<context:component-scan base-package="com.example.blog.exceptions,
										  com.example.blog.repositories,
										  com.example.blog.services">
		<context:include-filter type="annotation" expression="org.springframework.stereotype.Component"/>
		<context:include-filter type="annotation" expression="org.springframework.stereotype.Repository"/>
		<context:include-filter type="annotation" expression="org.springframework.stereotype.Service"/>
						
	</context:component-scan>
	
	
	<bean id="dataSource" class="org.apache.commons.dbcp.BasicDataSource">
		<property name="driverClassName" value="com.mysql.cj.jdbc.Driver"/>
		<property name="url" value="jdbc:mysql://localhost:3306/heeblog?serverTimezone=UTC"/>
		<property name="username" value="hee"/>
		<property name="password" value="hee"/>
	</bean>

	<bean id="sqlSessionFactory" class="org.mybatis.spring.SqlSessionFactoryBean">
		<property name="dataSource" ref="dataSource"/>
		<property name="configLocation" value="classpath:mybatis/configuration.xml"/>
	</bean>
	
	<bean id="sqlSession" class="org.mybatis.spring.SqlSessionTemplate">
		<constructor-arg index="0" ref="sqlSessionFactory"/>
	</bean>
</beans>
